keyword,search_volume,cpc,keyword_difficulty,cluster_id,cluster_name,is_pivot,opportunity_score
cuve a eau,2900,,,0.0,cuve a eau,True,0
cuve a eau 1000l,1600,,,0.0,cuve a eau,False,0
cuve a eau 1000,1300,,,0.0,cuve a eau,False,0
cuve a eau 5000l,480,,,0.0,cuve a eau,False,0
cuves a eau,390,,,0.0,cuve a eau,False,0
cuve a eau enterrée,320,,,0.0,cuve a eau,False,0
cuve eau a enterrer,320,,,0.0,cuve a eau,False,0
cuve a eau 300 l,260,,,0.0,cuve a eau,False,0
cuve a eau 300l,260,,,0.0,cuve a eau,False,0
cuve a eau enterree,260,,,0.0,cuve a eau,False,0
cuve a eau robinet,210,,,,Bruit,False,0
robinet cuve a eau,210,,,,Bruit,False,0
robinet pour cuve a eau,210,,,,Bruit,False,0
cuve a eau 3000l,140,,,0.0,cuve a eau,False,0
cuve pompe a eau,140,,,0.0,cuve a eau,False,0
cuve pour pompe a eau,140,,,0.0,cuve a eau,False,0
habiller une cuve a eau 1000l,140,,,0.0,cuve a eau,False,0
pompe a eau cuve,140,,,0.0,cuve a eau,False,0
pompe a eau pour cuve,140,,,0.0,cuve a eau,False,0
pompe pour cuve a eau,140,,,0.0,cuve a eau,False,0
cuve a eau 10000l,110,,,0.0,cuve a eau,False,0
cuve a eau camping car,110,,,,Bruit,False,0
cuve a eau cuve-expert,110,,,,Bruit,False,0
pompe cuve a eau,110,,,0.0,cuve a eau,False,0
raccord cuve a eau,110,,,0.0,cuve a eau,False,0
raccord pour cuve a eau,110,,,0.0,cuve a eau,False,0
cuve a eau 10000,90,,,0.0,cuve a eau,False,0
cuve a eau leroy merlin,90,,,1.0,cuve a eau leroy merlin,True,0
cuve a eau pour camping car,90,,,,Bruit,False,0
leroy merlin cuve a eau,90,,,1.0,cuve a eau leroy merlin,False,0
robinet cuve a eau 1000l,90,,,,Bruit,False,0
robinet pour cuve a eau 1000l,90,,,,Bruit,False,0
cuve a eau souple,70,,,,Bruit,False,0
transformer cuve a fuel en recuperateur d'eau prix,70,,,,Bruit,False,0
brico depot cuve a eau,50,,,,Bruit,False,0
cuve a eau 1000l pas cher,50,,,0.0,cuve a eau,False,0
cuve a eau 100l,50,,,0.0,cuve a eau,False,0
cuve a eau 200l,50,,,0.0,cuve a eau,False,0
cuve a eau brico depot,50,,,0.0,cuve a eau,False,0
cuve a eau cuve-expertl,50,,,,Bruit,False,0
cuve a eau pour remorque,50,,,0.0,cuve a eau,False,0
cuve a eau sur remorque,50,,,0.0,cuve a eau,False,0
remorque cuve a eau,50,,,,Bruit,False,0
cuve a eau 1000l dimensions,40,,,,Bruit,False,0
cuve a eau beton,40,,,0.0,cuve a eau,False,0
cuve a enterrer eau de pluie,40,,,0.0,cuve a eau,False,0
cuve recuperation eau de pluie a enterrer,40,,,0.0,cuve a eau,False,0
dimension cuve a eau 1000l,40,,,,Bruit,False,0
pompe a eau cuve 1000l,40,,,0.0,cuve a eau,False,0
raccordement cuve a eau,40,,,0.0,cuve a eau,False,0
accessoire cuve a eau 1000l,30,,,0.0,cuve a eau,False,0
accessoire pour cuve a eau 1000l,30,,,0.0,cuve a eau,False,0
accessoires cuve a eau 1000l,30,,,,Bruit,False,0
anti moustique cuve a eau,30,,,,Bruit,False,0
bon coin cuve a eau,30,,,0.0,cuve a eau,False,0
bouchon cuve a eau,30,,,,Bruit,False,0
bouchon pour cuve a eau,30,,,0.0,cuve a eau,False,0
brancher karcher sur cuve a eau,30,,,,Bruit,False,0
cache cuve a eau,30,,,,Bruit,False,0
cacher cuve a eau,30,,,0.0,cuve a eau,False,0
castorama cuve a eau,30,,,0.0,cuve a eau,False,0
cuve a eau 2000l,30,,,0.0,cuve a eau,False,0
cuve a eau 5000 l,30,,,0.0,cuve a eau,False,0
cuve a eau 500l,30,,,0.0,cuve a eau,False,0
cuve a eau castorama,30,,,0.0,cuve a eau,False,0
cuve a eau de pluie,30,,,0.0,cuve a eau,False,0
cuve a eau de pluie enterrée,30,,,0.0,cuve a eau,False,0
cuve a eau en beton,30,,,0.0,cuve a eau,False,0
cuve a eau jardin,30,,,,Bruit,False,0
cuve a eau le bon coin,30,,,0.0,cuve a eau,False,0
cuve a eau occasion,30,,,0.0,cuve a eau,False,0
cuve a eau plate,30,,,,Bruit,False,0
cuve a eau pour jardin,30,,,,Bruit,False,0
cuve a enterrer pour eau de pluie,30,,,0.0,cuve a eau,False,0
cuves a eau 1000l,30,,,0.0,cuve a eau,False,0
le bon coin cuve a eau,30,,,0.0,cuve a eau,False,0
peut on brancher un karcher sur une cuve a eau,30,,,0.0,cuve a eau,False,0
pompe a eau pour cuve 1000l,30,,,0.0,cuve a eau,False,0
pompe a eau solaire pour cuve,30,,,,Bruit,False,0
abreuvoir chevaux pour cuve a eau,20,,,,Bruit,False,0
abreuvoir pour cuve a eau,20,,,0.0,cuve a eau,False,0
abreuvoir sur cuve a eau,20,,,0.0,cuve a eau,False,0
accessoire cuve a eau,20,,,0.0,cuve a eau,False,0
accessoire pour cuve a eau,20,,,0.0,cuve a eau,False,0
achat cuve a eau,20,,,,Bruit,False,0
achat cuve a eau 1000l,20,,,,Bruit,False,0
acheter cuve a eau 1000l,20,,,,Bruit,False,0
adaptateur cuve a eau,20,,,,Bruit,False,0
adaptateur cuve a eau 1000l,20,,,,Bruit,False,0
adaptateur pour cuve a eau,20,,,0.0,cuve a eau,False,0
aide de l'etat pour cuve a eau,20,,,0.0,cuve a eau,False,0
amazon cuve a eau,20,,,,Bruit,False,0
aspirateur cuve a eau,20,,,,Bruit,False,0
bache cuve a eau,20,,,0.0,cuve a eau,False,0
bache pour cuve a eau,20,,,0.0,cuve a eau,False,0
bassin avec cuve a eau,20,,,0.0,cuve a eau,False,0
bassin cuve a eau,20,,,0.0,cuve a eau,False,0
beiser cuve a eau,20,,,0.0,cuve a eau,False,0
bouchon cuve a eau 1000l,20,,,,Bruit,False,0
bouchon de cuve a eau,20,,,0.0,cuve a eau,False,0
bouchon de cuve a eau 1000l,20,,,0.0,cuve a eau,False,0
bouchon pour cuve a eau 1000l,20,,,0.0,cuve a eau,False,0
branchement cuve a eau,20,,,,Bruit,False,0
brico depot cuve a eau 1000l,20,,,,Bruit,False,0
bricomarche cuve a eau,20,,,0.0,cuve a eau,False,0
bricomarche cuve a eau 1000l,20,,,,Bruit,False,0
bricorama cuve a eau,20,,,0.0,cuve a eau,False,0
cacher une cuve a eau,20,,,0.0,cuve a eau,False,0
cdiscount cuve a eau,20,,,,Bruit,False,0
cdiscount cuve a eau 1000l,20,,,,Bruit,False,0
charbon de bois cuve a eau,20,,,,Bruit,False,0
chassis pour cuve a eau,20,,,,Bruit,False,0
comment brancher une cuve a eau,20,,,0.0,cuve a eau,False,0
comment cacher une cuve a eau,20,,,,Bruit,False,0
comment enterrer une cuve a eau,20,,,0.0,cuve a eau,False,0
comment faire une cuve a eau,20,,,0.0,cuve a eau,False,0
comment habiller une cuve a eau,20,,,0.0,cuve a eau,False,0
comment installer une cuve a eau de pluie,20,,,0.0,cuve a eau,False,0
comment installer une cuve a eau de pluie enterrée,20,,,0.0,cuve a eau,False,0
comment jumeler 2 cuves a eau,20,,,,Bruit,False,0
comment nettoyer une cuve a eau,20,,,0.0,cuve a eau,False,0
comment nettoyer une cuve a eau en plastique,20,,,,Bruit,False,0
comment nettoyer une cuve a fuel pour mettre de l'eau,20,,,,Bruit,False,0
comment pomper de l'eau dans une cuve a fioul,20,,,0.0,cuve a eau,False,0
comment raccorder deux cuves a eau,20,,,0.0,cuve a eau,False,0
comment relier deux cuves a eau,20,,,0.0,cuve a eau,False,0
comment reparer une cuve a eau de pluie,20,,,,Bruit,False,0
couvercle cuve a eau,20,,,,Bruit,False,0
cuve a eau 100 litres,20,,,0.0,cuve a eau,False,0
cuve a eau 1000 l,20,,,0.0,cuve a eau,False,0
cuve a eau 1000 l enterrer,20,,,0.0,cuve a eau,False,0
cuve a eau 1000 litres,20,,,0.0,cuve a eau,False,0
cuve a eau 1000 litres d'occasion,20,,,0.0,cuve a eau,False,0
cuve a eau 1000 litres noire,20,,,0.0,cuve a eau,False,0
cuve a eau 1000 litres pas cher,20,,,0.0,cuve a eau,False,0
cuve a eau 10000 litres,20,,,0.0,cuve a eau,False,0
cuve a eau 10000 litres occasion,20,,,0.0,cuve a eau,False,0
cuve a eau 1000l amazon,20,,,,Bruit,False,0
cuve a eau 1000l anti uv,20,,,,Bruit,False,0
cuve a eau 1000l brico depot,20,,,,Bruit,False,0
cuve a eau 1000l bricoman,20,,,0.0,cuve a eau,False,0
cuve a eau 1000l bricomarche,20,,,0.0,cuve a eau,False,0
cuve a eau 1000l castorama,20,,,0.0,cuve a eau,False,0
cuve a eau 1000l gamm vert,20,,,,Bruit,False,0
cuve a eau 1000l le bon coin,20,,,0.0,cuve a eau,False,0
cuve a eau 1000l leroy merlin,20,,,1.0,cuve a eau leroy merlin,False,0
cuve a eau 1000l mr bricolage,20,,,,Bruit,False,0
cuve a eau 1000l neuve,20,,,0.0,cuve a eau,False,0
cuve a eau 1000l noir,20,,,0.0,cuve a eau,False,0
cuve a eau 1000l noire,20,,,,Bruit,False,0
cuve a eau 1000l occasion,20,,,0.0,cuve a eau,False,0
cuve a eau 1000l occasion le bon coin,20,,,0.0,cuve a eau,False,0
cuve a eau 1000l prix,20,,,0.0,cuve a eau,False,0
cuve a eau 1000l rural master,20,,,,Bruit,False,0
cuve a eau 1000l schutz,20,,,0.0,cuve a eau,False,0
cuve a eau 1200 litres,20,,,0.0,cuve a eau,False,0
cuve a eau 12000 litres,20,,,0.0,cuve a eau,False,0
cuve a eau 1500 litres,20,,,0.0,cuve a eau,False,0
cuve a eau 15000 litres,20,,,0.0,cuve a eau,False,0
cuve a eau 150l,20,,,0.0,cuve a eau,False,0
cuve a eau 1m3,20,,,,Bruit,False,0
cuve a eau 200 litres,20,,,0.0,cuve a eau,False,0
cuve a eau 2000 l,20,,,0.0,cuve a eau,False,0
cuve a eau 2000 litres,20,,,0.0,cuve a eau,False,0
cuve a eau 2000 litres prix,20,,,0.0,cuve a eau,False,0
cuve a eau 20000 litres,20,,,0.0,cuve a eau,False,0
cuve a eau 2500 litres,20,,,0.0,cuve a eau,False,0
cuve a eau 25000 litres,20,,,0.0,cuve a eau,False,0
cuve a eau 250l,20,,,0.0,cuve a eau,False,0
cuve a eau 300 litres,20,,,0.0,cuve a eau,False,0
cuve a eau 300 litres brico dépôt,20,,,0.0,cuve a eau,False,0
cuve a eau 3000,20,,,0.0,cuve a eau,False,0
cuve a eau 3000 l,20,,,0.0,cuve a eau,False,0
cuve a eau 3000 l occasion,20,,,0.0,cuve a eau,False,0
cuve a eau 3000 litres,20,,,0.0,cuve a eau,False,0
cuve a eau 30000 litres,20,,,0.0,cuve a eau,False,0
cuve a eau 3000l leroy merlin,20,,,1.0,cuve a eau leroy merlin,False,0
cuve a eau 300l brico dépôt,20,,,0.0,cuve a eau,False,0
cuve a eau 300l castorama,20,,,0.0,cuve a eau,False,0
cuve a eau 300l garantia,20,,,,Bruit,False,0
cuve a eau 300l leroy merlin,20,,,1.0,cuve a eau leroy merlin,False,0
cuve a eau 310l,20,,,0.0,cuve a eau,False,0
cuve a eau 350 litres,20,,,0.0,cuve a eau,False,0
cuve a eau 400 litres,20,,,0.0,cuve a eau,False,0
cuve a eau 4000 l,20,,,0.0,cuve a eau,False,0
cuve a eau 4000 litres,20,,,0.0,cuve a eau,False,0
cuve a eau 400l,20,,,0.0,cuve a eau,False,0
cuve a eau 500,20,,,0.0,cuve a eau,False,0
cuve a eau 500 l,20,,,0.0,cuve a eau,False,0
cuve a eau 500 l leroy merlin,20,,,1.0,cuve a eau leroy merlin,False,0
cuve a eau 500 l pas cher,20,,,0.0,cuve a eau,False,0
cuve a eau 500 litres,20,,,0.0,cuve a eau,False,0
cuve a eau 5000,20,,,0.0,cuve a eau,False,0
cuve a eau 5000 l enterrée,20,,,0.0,cuve a eau,False,0
cuve a eau 5000 l pas cher,20,,,0.0,cuve a eau,False,0
cuve a eau 5000 litres,20,,,0.0,cuve a eau,False,0
cuve a eau 5000l agricole,20,,,,Bruit,False,0
cuve a eau 500l brico dépôt,20,,,,Bruit,False,0
cuve a eau 50l,20,,,0.0,cuve a eau,False,0
cuve a eau 510 litres,20,,,0.0,cuve a eau,False,0
cuve a eau 600 l,20,,,0.0,cuve a eau,False,0
cuve a eau 600 litres,20,,,0.0,cuve a eau,False,0
cuve a eau 6000 litres,20,,,0.0,cuve a eau,False,0
cuve a eau 60000 litres,20,,,0.0,cuve a eau,False,0
cuve a eau 650 litres,20,,,0.0,cuve a eau,False,0
cuve a eau 7000 l,20,,,0.0,cuve a eau,False,0
cuve a eau 8000 l,20,,,0.0,cuve a eau,False,0
cuve a eau a donner,20,,,0.0,cuve a eau,False,0
cuve a eau a enterrer,20,,,0.0,cuve a eau,False,0
cuve a eau a enterrer 5000 l,20,,,0.0,cuve a eau,False,0
cuve a eau a enterrer occasion,20,,,,Bruit,False,0
cuve a eau a vendre,20,,,,Bruit,False,0
cuve a eau acier,20,,,,Bruit,False,0
cuve a eau acier galvanisé,20,,,0.0,cuve a eau,False,0
cuve a eau aerienne,20,,,0.0,cuve a eau,False,0
cuve a eau agricole,20,,,,Bruit,False,0
cuve a eau agricole occasion,20,,,,Bruit,False,0
cuve a eau alimentaire,20,,,,Bruit,False,0
cuve a eau amazon,20,,,,Bruit,False,0
cuve a eau auchan,20,,,0.0,cuve a eau,False,0
cuve a eau avec abreuvoir,20,,,0.0,cuve a eau,False,0
cuve a eau avec pompe,20,,,0.0,cuve a eau,False,0
cuve a eau avec pompe 12v,20,,,,Bruit,False,0
cuve a eau avec robinet,20,,,0.0,cuve a eau,False,0
cuve a eau avec surpresseur,20,,,0.0,cuve a eau,False,0
cuve a eau avec trop plein,20,,,0.0,cuve a eau,False,0
cuve a eau avec vessie,20,,,0.0,cuve a eau,False,0
cuve a eau beige,20,,,0.0,cuve a eau,False,0
cuve a eau beiser,20,,,0.0,cuve a eau,False,0
cuve a eau belli,20,,,,Bruit,False,0
cuve a eau belli 1000l,20,,,,Bruit,False,0
cuve a eau belli 300l,20,,,,Bruit,False,0
cuve a eau belli 650l,20,,,,Bruit,False,0
cuve a eau beton 10000l,20,,,0.0,cuve a eau,False,0
cuve a eau beton 3000l,20,,,0.0,cuve a eau,False,0
cuve a eau beton 5000l,20,,,0.0,cuve a eau,False,0
cuve a eau brico cash,20,,,,Bruit,False,0
cuve a eau brico leclerc,20,,,0.0,cuve a eau,False,0
cuve a eau bricoman,20,,,0.0,cuve a eau,False,0
cuve a eau bricomarché,20,,,0.0,cuve a eau,False,0
cuve a eau bricorama,20,,,0.0,cuve a eau,False,0
cuve a eau caravane,20,,,,Bruit,False,0
cuve a eau carrefour,20,,,0.0,cuve a eau,False,0
cuve a eau chevaux,20,,,0.0,cuve a eau,False,0
cuve a eau colonne,20,,,0.0,cuve a eau,False,0
cuve a eau cylindrique,20,,,0.0,cuve a eau,False,0
cuve a eau d occasion,20,,,,Bruit,False,0
cuve a eau de 1000 litres,20,,,0.0,cuve a eau,False,0
cuve a eau de 1000l,20,,,0.0,cuve a eau,False,0
cuve a eau de jardin,20,,,,Bruit,False,0
cuve a eau de pluie 1000l,20,,,0.0,cuve a eau,False,0
cuve a eau de pluie 3000 litres,20,,,,Bruit,False,0
cuve a eau de pluie rectangulaire aérienne,20,,,,Bruit,False,0
cuve a eau decorative,20,,,0.0,cuve a eau,False,0
cuve a eau design,20,,,,Bruit,False,0
cuve a eau dimension,20,,,,Bruit,False,0
cuve a eau duraplas,20,,,0.0,cuve a eau,False,0
cuve a eau eda,20,,,0.0,cuve a eau,False,0
cuve a eau en fer,20,,,,Bruit,False,0
cuve a eau en hauteur,20,,,0.0,cuve a eau,False,0
cuve a eau enterrable,20,,,0.0,cuve a eau,False,0
cuve a eau enterre,20,,,0.0,cuve a eau,False,0
cuve a eau enterree 10000 litres,20,,,0.0,cuve a eau,False,0
cuve a eau enterree beton,20,,,0.0,cuve a eau,False,0
cuve a eau enterree pas cher,20,,,0.0,cuve a eau,False,0
cuve a eau enterrée 20000l,20,,,0.0,cuve a eau,False,0
cuve a eau enterrée 2000l,20,,,0.0,cuve a eau,False,0
cuve a eau enterrée 3000 litres,20,,,0.0,cuve a eau,False,0
cuve a eau enterrée 5000 litres,20,,,0.0,cuve a eau,False,0
cuve a eau enterrée 50000 litres,20,,,0.0,cuve a eau,False,0
cuve a eau enterrée 6000 litres,20,,,0.0,cuve a eau,False,0
cuve a eau enterrée avec pompe,20,,,0.0,cuve a eau,False,0
cuve a eau enterrée beton,20,,,0.0,cuve a eau,False,0
cuve a eau enterrée castorama,20,,,0.0,cuve a eau,False,0
cuve a eau enterrée occasion,20,,,0.0,cuve a eau,False,0
cuve a eau entrepot du bricolage,20,,,0.0,cuve a eau,False,0
cuve a eau espace emeraude,20,,,,Bruit,False,0
cuve a eau esthetique,20,,,0.0,cuve a eau,False,0
cuve a eau exterieur,20,,,0.0,cuve a eau,False,0
cuve a eau extra plate,20,,,,Bruit,False,0
cuve a eau farming simulator 2022,20,,,,Bruit,False,0
cuve a eau fourgon aménagé,20,,,,Bruit,False,0
cuve a eau frans bonhomme,20,,,,Bruit,False,0
cuve a eau fs22,20,,,,Bruit,False,0
cuve a eau galva,20,,,,Bruit,False,0
cuve a eau galvanisée,20,,,0.0,cuve a eau,False,0
cuve a eau gamm vert,20,,,,Bruit,False,0
cuve a eau garantia,20,,,,Bruit,False,0
cuve a eau graf,20,,,,Bruit,False,0
cuve a eau grande capacité,20,,,0.0,cuve a eau,False,0
cuve a eau grise,20,,,0.0,cuve a eau,False,0
cuve a eau horizontale,20,,,,Bruit,False,0
cuve a eau hors sol,20,,,0.0,cuve a eau,False,0
cuve a eau ibc,20,,,,Bruit,False,0
cuve a eau inox,20,,,,Bruit,False,0
cuve a eau jardiland,20,,,,Bruit,False,0
cuve a eau lavoisier,20,,,0.0,cuve a eau,False,0
cuve a eau leboncoin,20,,,,Bruit,False,0
cuve a eau leclerc,20,,,0.0,cuve a eau,False,0
cuve a eau manomano,20,,,,Bruit,False,0
cuve a eau metallique,20,,,,Bruit,False,0
cuve a eau mobile,20,,,,Bruit,False,0
cuve a eau monsieur bricolage,20,,,,Bruit,False,0
cuve a eau mr bricolage,20,,,,Bruit,False,0
cuve a eau murale,20,,,,Bruit,False,0
cuve a eau neuve,20,,,0.0,cuve a eau,False,0
cuve a eau noir,20,,,,Bruit,False,0
cuve a eau noir ou blanche,20,,,,Bruit,False,0
cuve a eau noire,20,,,,Bruit,False,0
cuve a eau noire 1000l,20,,,,Bruit,False,0
cuve a eau noire pour bateau,20,,,,Bruit,False,0
cuve a eau occasion le bon coin,20,,,0.0,cuve a eau,False,0
cuve a eau ouverte,20,,,0.0,cuve a eau,False,0
cuve a eau pas cher,20,,,0.0,cuve a eau,False,0
cuve a eau pas chere,20,,,0.0,cuve a eau,False,0
cuve a eau plastique,20,,,0.0,cuve a eau,False,0
cuve a eau plastique 1000 litres,20,,,0.0,cuve a eau,False,0
cuve a eau plastique a enterrer,20,,,0.0,cuve a eau,False,0
cuve a eau plastique alimentaire,20,,,,Bruit,False,0
cuve a eau pluie,20,,,0.0,cuve a eau,False,0
cuve a eau potable,20,,,,Bruit,False,0
cuve a eau potable a enterrer,20,,,0.0,cuve a eau,False,0
cuve a eau pour animaux,20,,,,Bruit,False,0
cuve a eau pour arrosage,20,,,0.0,cuve a eau,False,0
cuve a eau pour camion,20,,,,Bruit,False,0
cuve a eau pour caravane,20,,,,Bruit,False,0
cuve a eau pour chevaux,20,,,,Bruit,False,0
cuve a eau pour puit,20,,,,Bruit,False,0
cuve a eau pour quad,20,,,,Bruit,False,0
cuve a eau pour toilette,20,,,,Bruit,False,0
cuve a eau pour vache,20,,,,Bruit,False,0
cuve a eau pour wc,20,,,,Bruit,False,0
cuve a eau pression,20,,,,Bruit,False,0
cuve a eau prix,20,,,0.0,cuve a eau,False,0
cuve a eau propre,20,,,0.0,cuve a eau,False,0
cuve a eau pum plastique,20,,,0.0,cuve a eau,False,0
cuve a eau pvc,20,,,,Bruit,False,0
cuve a eau raccord,20,,,0.0,cuve a eau,False,0
cuve a eau rectangulaire,20,,,0.0,cuve a eau,False,0
cuve a eau rectangulaire 520 l,20,,,0.0,cuve a eau,False,0
cuve a eau recuperation,20,,,0.0,cuve a eau,False,0
cuve a eau remorque,20,,,0.0,cuve a eau,False,0
cuve a eau ronde,20,,,0.0,cuve a eau,False,0
cuve a eau ronot,20,,,0.0,cuve a eau,False,0
cuve a eau roulante,20,,,0.0,cuve a eau,False,0
cuve a eau schutz,20,,,0.0,cuve a eau,False,0
cuve a eau souple prix,20,,,0.0,cuve a eau,False,0
cuve a eau sous pression,20,,,,Bruit,False,0
cuve a eau sous terre,20,,,0.0,cuve a eau,False,0
cuve a eau super u,20,,,,Bruit,False,0
cuve a eau sur chassis,20,,,,Bruit,False,0
cuve a eau sur mesure,20,,,0.0,cuve a eau,False,0
cuve a eau sur palette,20,,,0.0,cuve a eau,False,0
cuve a eau sur palette plastique 1000 litres,20,,,0.0,cuve a eau,False,0
cuve a eau sur roue,20,,,0.0,cuve a eau,False,0
cuve a eau sur roue d'occasion,20,,,0.0,cuve a eau,False,0
cuve a eau surpresseur,20,,,0.0,cuve a eau,False,0
cuve a eau tracteur,20,,,0.0,cuve a eau,False,0
cuve a eau transportable,20,,,,Bruit,False,0
cuve a eau vache,20,,,,Bruit,False,0
cuve a eau van,20,,,,Bruit,False,0
cuve a eau verte,20,,,,Bruit,False,0
cuve a eau verticale,20,,,,Bruit,False,0
cuve a eau wc,20,,,,Bruit,False,0
cuve a eau weldom,20,,,,Bruit,False,0
cuve a eau zinc,20,,,,Bruit,False,0
cuve a eaux,20,,,,Bruit,False,0
cuve a eaux noires,20,,,,Bruit,False,0
cuve a enterrer recuperation eau de pluie,20,,,0.0,cuve a eau,False,0
cuve a fioul eau de pluie,20,,,0.0,cuve a eau,False,0
cuve a recuperation d eau,20,,,0.0,cuve a eau,False,0
cuve a recuperation eau de pluie,20,,,0.0,cuve a eau,False,0
cuve a reserve d eau,20,,,0.0,cuve a eau,False,0
cuve a reserve d eau de pluie,20,,,0.0,cuve a eau,False,0
cuve a reserve d'eau de pluie,20,,,0.0,cuve a eau,False,0
cuve d eau a enterrer,20,,,0.0,cuve a eau,False,0
cuve d'eau a enterrer,20,,,0.0,cuve a eau,False,0
cuve recuperateur d'eau a enterrer,20,,,0.0,cuve a eau,False,0
cuve recuperation d eau a enterrer,20,,,0.0,cuve a eau,False,0
cuve recuperation d'eau a enterrer,20,,,0.0,cuve a eau,False,0
cuve recuperation eau a enterrer,20,,,,Bruit,False,0
cuve tonne a eau,20,,,,Bruit,False,0
cuves a eau 1000 l occasion,20,,,0.0,cuve a eau,False,0
cuves a eau occasion,20,,,,Bruit,False,0
decorer une cuve a eau,20,,,0.0,cuve a eau,False,0
dimension cuve a eau,20,,,,Bruit,False,0
donne cuve a eau,20,,,0.0,cuve a eau,False,0
duraplas cuve a eau,20,,,0.0,cuve a eau,False,0
eau dans cuve a fioul,20,,,,Bruit,False,0
embout cuve a eau,20,,,0.0,cuve a eau,False,0
embout pour cuve a eau,20,,,0.0,cuve a eau,False,0
enterrer cuve a eau,20,,,0.0,cuve a eau,False,0
espace emeraude cuve a eau,20,,,,Bruit,False,0
fabricant cuve a eau,20,,,,Bruit,False,0
fabricant de cuve a eau,20,,,,Bruit,False,0
fabriquer cuve a eau,20,,,0.0,cuve a eau,False,0
fabriquer une cuve a eau,20,,,0.0,cuve a eau,False,0
faire une cuve a eau en beton,20,,,,Bruit,False,0
filet anti moustique cuve a eau,20,,,,Bruit,False,0
filtre a eau pour cuve,20,,,,Bruit,False,0
filtre cuve a eau,20,,,,Bruit,False,0
filtre cuve a eau 1000l,20,,,,Bruit,False,0
filtre cuve a eau de pluie,20,,,,Bruit,False,0
filtre pour cuve a eau,20,,,,Bruit,False,0
filtre pour cuve a eau 1000l,20,,,,Bruit,False,0
filtre pour cuve a eau de pluie,20,,,,Bruit,False,0
flotteur cuve a eau,20,,,0.0,cuve a eau,False,0
flotteur de cuve a eau,20,,,0.0,cuve a eau,False,0
flotteur pour cuve a eau,20,,,0.0,cuve a eau,False,0
gamm vert cuve a eau,20,,,,Bruit,False,0
gedimat cuve a eau,20,,,0.0,cuve a eau,False,0
gouttière cuve a eau,20,,,0.0,cuve a eau,False,0
graf cuve a eau,20,,,,Bruit,False,0
grande cuve a eau,20,,,0.0,cuve a eau,False,0
grosse cuve a eau,20,,,0.0,cuve a eau,False,0
habillage cuve a eau,20,,,0.0,cuve a eau,False,0
habiller cuve a eau,20,,,0.0,cuve a eau,False,0
habiller une cuve a eau,20,,,0.0,cuve a eau,False,0
housse cuve a eau,20,,,0.0,cuve a eau,False,0
housse pour cuve a eau,20,,,0.0,cuve a eau,False,0
installation cuve a eau,20,,,,Bruit,False,0
installation cuve a eau 1000l,20,,,,Bruit,False,0
installation cuve a eau de pluie,20,,,0.0,cuve a eau,False,0
installer cuve a eau,20,,,,Bruit,False,0
installer une cuve a eau,20,,,0.0,cuve a eau,False,0
jardiland cuve a eau,20,,,,Bruit,False,0
jauge cuve a eau,20,,,,Bruit,False,0
jauge de cuve a eau,20,,,,Bruit,False,0
jauge pour cuve a eau,20,,,,Bruit,False,0
jumelage cuve a eau,20,,,0.0,cuve a eau,False,0
kit raccordement cuve a eau,20,,,0.0,cuve a eau,False,0
le bon coin cuve a eau 1000l,20,,,0.0,cuve a eau,False,0
le bon coin cuve a eau 1000l occasion,20,,,0.0,cuve a eau,False,0
le bon coin cuve a eau d'occasion,20,,,0.0,cuve a eau,False,0
le bon coin cuve a eau occasion,20,,,0.0,cuve a eau,False,0
leboncoin cuve a eau,20,,,,Bruit,False,0
leclerc cuve a eau,20,,,0.0,cuve a eau,False,0
leroy merlin cuve a eau 1000l,20,,,1.0,cuve a eau leroy merlin,False,0
location cuve a eau,20,,,,Bruit,False,0
manomano cuve a eau,20,,,,Bruit,False,0
nettoyage cuve a eau,20,,,0.0,cuve a eau,False,0
nettoyer cuve a eau,20,,,0.0,cuve a eau,False,0
nettoyer cuve a eau 1000l,20,,,,Bruit,False,0
nettoyer cuve a fuel pour mettre de l'eau,20,,,,Bruit,False,0
nettoyer une cuve a eau,20,,,0.0,cuve a eau,False,0
nettoyer une cuve a fioul plastique pour mettre de l'eau,20,,,,Bruit,False,0
nettoyer une cuve a fioul pour mettre de l'eau,20,,,0.0,cuve a eau,False,0
niveau pour cuve a eau,20,,,0.0,cuve a eau,False,0
peindre cuve a eau,20,,,,Bruit,False,0
peinture pour cuve a eau,20,,,,Bruit,False,0
petite cuve a eau,20,,,0.0,cuve a eau,False,0
petite pompe a eau pour cuve 1000l,20,,,0.0,cuve a eau,False,0
piece detachee pour cuve a eau,20,,,,Bruit,False,0
pieces pour cuve a eau 1000l,20,,,,Bruit,False,0
poids cuve a eau 1000l,20,,,,Bruit,False,0
pompe a eau avec cuve,20,,,0.0,cuve a eau,False,0
pompe a eau cuve eau de pluie,20,,,0.0,cuve a eau,False,0
pompe a eau cuve enterrée,20,,,0.0,cuve a eau,False,0
pompe a eau electrique pour cuve 1000l,20,,,,Bruit,False,0
pompe a eau pour cuve eau de pluie,20,,,0.0,cuve a eau,False,0
pompe a eau pour cuve enterrée,20,,,0.0,cuve a eau,False,0
pompe cuve a eau 1000l,20,,,0.0,cuve a eau,False,0
pompe de cuve a eau,20,,,0.0,cuve a eau,False,0
pompe electrique pour cuve a eau,20,,,,Bruit,False,0
pompe immergee pour cuve a eau,20,,,0.0,cuve a eau,False,0
pompe pour cuve a eau 1000l,20,,,0.0,cuve a eau,False,0
pompe pour cuve a eau de pluie,20,,,0.0,cuve a eau,False,0
pompe vide cuve a eau,20,,,0.0,cuve a eau,False,0
pose cuve a eau,20,,,,Bruit,False,0
poulailler avec cuve a eau,20,,,,Bruit,False,0
pression cuve a eau,20,,,,Bruit,False,0
prix cuve a eau,20,,,,Bruit,False,0
prix cuve a eau 1000l,20,,,,Bruit,False,0
prix d une cuve a eau,20,,,0.0,cuve a eau,False,0
prix des cuves a eau,20,,,,Bruit,False,0
programmateur pour cuve a eau,20,,,,Bruit,False,0
protection cuve a eau 1000l,20,,,,Bruit,False,0
raccord cuve a eau 1000l,20,,,0.0,cuve a eau,False,0
raccord cuve a eau 1000l leroy merlin,20,,,1.0,cuve a eau leroy merlin,False,0
raccord cuve a eau tuyau arrosage,20,,,0.0,cuve a eau,False,0
raccord de cuve a eau,20,,,0.0,cuve a eau,False,0
raccord gouttière cuve a eau,20,,,0.0,cuve a eau,False,0
raccord pour cuve a eau 1000l,20,,,0.0,cuve a eau,False,0
raccordement entre 2 cuves a eau,20,,,0.0,cuve a eau,False,0
raccorder 2 cuves a eau,20,,,0.0,cuve a eau,False,0
raccorder deux cuves a eau,20,,,0.0,cuve a eau,False,0
raccorder une cuve a eau,20,,,0.0,cuve a eau,False,0
recherche cuve a eau 1000l,20,,,0.0,cuve a eau,False,0
recherche cuve a eau d'occasion,20,,,,Bruit,False,0
reducteur cuve a eau,20,,,,Bruit,False,0
reducteur cuve a eau 1000l,20,,,,Bruit,False,0
rehausse cuve a eau,20,,,0.0,cuve a eau,False,0
rehausse de cuve a eau,20,,,0.0,cuve a eau,False,0
relier 2 cuves a eau,20,,,,Bruit,False,0
relier cuve a eau,20,,,0.0,cuve a eau,False,0
relier des cuves a eau,20,,,0.0,cuve a eau,False,0
relier deux cuves a eau,20,,,0.0,cuve a eau,False,0
remorque avec cuve a eau,20,,,0.0,cuve a eau,False,0
remorque pour cuve a eau,20,,,0.0,cuve a eau,False,0
reparer cuve a eau,20,,,,Bruit,False,0
reparer une cuve a eau en plastique,20,,,,Bruit,False,0
robinet cuve a eau 1000 litres,20,,,,Bruit,False,0
robinet cuve a eau 300l,20,,,,Bruit,False,0
robinet cuve a eau brico depot,20,,,,Bruit,False,0
robinet cuve a eau leroy merlin,20,,,,Bruit,False,0
robinet de cuve a eau,20,,,0.0,cuve a eau,False,0
robinet de cuve a eau 1000l,20,,,0.0,cuve a eau,False,0
robinet pour cuve a eau 1000 litres,20,,,,Bruit,False,0
robinet pour cuve a eau brico depot,20,,,,Bruit,False,0
robinet pour cuve a eau de 1000l,20,,,,Bruit,False,0
robinet pour cuve a eau leroy merlin,20,,,,Bruit,False,0
ronot cuve a eau,20,,,0.0,cuve a eau,False,0
socle pour cuve a eau 1000 litres,20,,,0.0,cuve a eau,False,0
sortie cuve a eau,20,,,0.0,cuve a eau,False,0
sortie cuve a eau 1000l,20,,,0.0,cuve a eau,False,0
support cuve a eau,20,,,,Bruit,False,0
support cuve a eau 1000l,20,,,,Bruit,False,0
support pour cuve a eau 1000 litres,20,,,0.0,cuve a eau,False,0
surelever une cuve a eau,20,,,0.0,cuve a eau,False,0
surpresseur pour cuve a eau,20,,,0.0,cuve a eau,False,0
transformer cuve a fioul en cuve a eau,20,,,,Bruit,False,0
transformer cuve a fuel en recuperateur d'eau,20,,,,Bruit,False,0
transformer sa cuve a fioul en recuperateur d'eau,20,,,,Bruit,False,0
transformer une cuve a fioul en cuve a eau,20,,,0.0,cuve a eau,False,0
transformer une cuve a fuel en recuperateur d'eau,20,,,,Bruit,False,0
trop plein cuve a eau,20,,,,Bruit,False,0
trop plein pour cuve a eau,20,,,,Bruit,False,0
tuyau pour cuve a eau,20,,,0.0,cuve a eau,False,0
vanne cuve a eau,20,,,,Bruit,False,0
vanne cuve a eau 1000l,20,,,,Bruit,False,0
vanne de cuve a eau de 1000l,20,,,0.0,cuve a eau,False,0
vanne pour cuve a eau,20,,,,Bruit,False,0
vanne pour cuve a eau 1000 litres,20,,,,Bruit,False,0
vanne pour cuve a eau 1000l,20,,,,Bruit,False,0
abreuvoir automatique pour cuve a eau,10,,,0.0,cuve a eau,False,0
agro service 2000 cuve a eau,10,,,,Bruit,False,0
brico cash cuve a eau,10,,,,Bruit,False,0
brico leclerc cuve a eau,10,,,0.0,cuve a eau,False,0
bricomarché cuve a eau,10,,,0.0,cuve a eau,False,0
cacher habiller une cuve a eau 1000l,10,,,,Bruit,False,0
camoufler une cuve a eau,10,,,0.0,cuve a eau,False,0
cherche cuve a eau,10,,,0.0,cuve a eau,False,0
cherche cuve a eau 1000 litres,10,,,0.0,cuve a eau,False,0
colle pour cuve a eau,10,,,0.0,cuve a eau,False,0
comment faire un trop plein sur une cuve a eau,10,,,0.0,cuve a eau,False,0
comment raccorder une cuve a eau,10,,,0.0,cuve a eau,False,0
contacteur cuve a eau,10,,,,Bruit,False,0
cuve a eau 1000 l a enterrer,10,,,0.0,cuve a eau,False,0
cuve a eau 1000 l leroy merlin,10,,,1.0,cuve a eau leroy merlin,False,0
cuve a eau 1000 l occasion,10,,,0.0,cuve a eau,False,0
cuve a eau 10000 l,10,,,0.0,cuve a eau,False,0
cuve a eau 10000 l occasion,10,,,0.0,cuve a eau,False,0
cuve a eau 10000l prix,10,,,0.0,cuve a eau,False,0
cuve a eau 1000l brico depot prix,10,,,0.0,cuve a eau,False,0
cuve a eau 1000l bricorama,10,,,0.0,cuve a eau,False,0
cuve a eau 1000l d'occasion,10,,,0.0,cuve a eau,False,0
cuve a eau 1000l gedimat,10,,,0.0,cuve a eau,False,0
cuve a eau 1000l sur remorque,10,,,,Bruit,False,0
cuve a eau 1000l weldom,10,,,,Bruit,False,0
cuve a eau 100l camping car,10,,,,Bruit,False,0
cuve a eau 3000l brico depot,10,,,,Bruit,False,0
cuve a eau 3000l brico dépôt,10,,,0.0,cuve a eau,False,0
cuve a eau 3000l occasion,10,,,0.0,cuve a eau,False,0
cuve a eau 3000l pas cher,10,,,0.0,cuve a eau,False,0
cuve a eau 300l brico depot,10,,,,Bruit,False,0
cuve a eau 350 l,10,,,0.0,cuve a eau,False,0
cuve a eau 3500l,10,,,0.0,cuve a eau,False,0
cuve a eau 400 l,10,,,0.0,cuve a eau,False,0
cuve a eau 4000l,10,,,0.0,cuve a eau,False,0
cuve a eau 500l occasion,10,,,,Bruit,False,0
cuve a eau 500l rectangulaire,10,,,,Bruit,False,0
cuve a eau 550l,10,,,0.0,cuve a eau,False,0
cuve a eau 6000 l,10,,,0.0,cuve a eau,False,0
cuve a eau 650 l,10,,,0.0,cuve a eau,False,0
cuve a eau a enterrer beton,10,,,0.0,cuve a eau,False,0
cuve a eau belgique,10,,,0.0,cuve a eau,False,0
cuve a eau bellijardin,10,,,,Bruit,False,0
cuve a eau beton belgique,10,,,0.0,cuve a eau,False,0
cuve a eau beton prix,10,,,,Bruit,False,0
cuve a eau bretagne,10,,,0.0,cuve a eau,False,0
cuve a eau cdiscount,10,,,0.0,cuve a eau,False,0
cuve a eau chez brico depot,10,,,0.0,cuve a eau,False,0
cuve a eau citerne,10,,,0.0,cuve a eau,False,0
cuve a eau de pluie 5000l,10,,,0.0,cuve a eau,False,0
cuve a eau de pluie a enterrer,10,,,0.0,cuve a eau,False,0
cuve a eau de pluie leroy merlin,10,,,,Bruit,False,0
cuve a eau de pluie occasion,10,,,0.0,cuve a eau,False,0
cuve a eau de pluie pas cher,10,,,0.0,cuve a eau,False,0
cuve a eau en zinc,10,,,,Bruit,False,0
cuve a eau enterré,10,,,0.0,cuve a eau,False,0
cuve a eau enterrée 3000l,10,,,0.0,cuve a eau,False,0
cuve a eau gedimat,10,,,0.0,cuve a eau,False,0
cuve a eau grand volume,10,,,,Bruit,False,0
cuve a eau guadeloupe,10,,,,Bruit,False,0
cuve a eau interdite,10,,,,Bruit,False,0
cuve a eau magasin vert,10,,,,Bruit,False,0
cuve a eau murale pas cher,10,,,,Bruit,False,0
cuve a eau occasion 5000 l,10,,,0.0,cuve a eau,False,0
cuve a eau oogarden,10,,,,Bruit,False,0
cuve a eau passage de roue,10,,,0.0,cuve a eau,False,0
cuve a eau plastique 100l,10,,,,Bruit,False,0
cuve a eau plastique 3000l,10,,,0.0,cuve a eau,False,0
cuve a eau pluviale,10,,,0.0,cuve a eau,False,0
cuve a eau point vert,10,,,,Bruit,False,0
cuve a eau pour betail,10,,,0.0,cuve a eau,False,0
cuve a eau pour utilitaire,10,,,0.0,cuve a eau,False,0
cuve a eau rectangulaire 300l,10,,,0.0,cuve a eau,False,0
cuve a eau sans gouttière,10,,,0.0,cuve a eau,False,0
cuve a eau sur remorque pour micro tracteur,10,,,,Bruit,False,0
cuve a eau sur roues,10,,,0.0,cuve a eau,False,0
cuve a eau tonneau,10,,,0.0,cuve a eau,False,0
cuve a eau à enterrer,10,,,0.0,cuve a eau,False,0
cuve a eaux de pluie,10,,,0.0,cuve a eau,False,0
cuve citerne a eau,10,,,0.0,cuve a eau,False,0
cuve de pompe a eau,10,,,0.0,cuve a eau,False,0
cuve eau de pluie a enterrer,10,,,0.0,cuve a eau,False,0
cuve eau de pluie a enterrer pas cher,10,,,0.0,cuve a eau,False,0
cuve filtre a eau,10,,,,Bruit,False,0
dimensions cuve a eau 1000l,10,,,,Bruit,False,0
douche avec cuve a eau,10,,,,Bruit,False,0
enterrer une cuve a eau,10,,,0.0,cuve a eau,False,0
faire une cuve a eau,10,,,0.0,cuve a eau,False,0
filtre a eau cuve inox,10,,,,Bruit,False,0
housse pour cuve a eau 1000l,10,,,0.0,cuve a eau,False,0
interdiction cuve a eau,10,,,,Bruit,False,0
joint robinet cuve a eau,10,,,,Bruit,False,0
location cuve a eau 10000l,10,,,,Bruit,False,0
oogarden cuve a eau,10,,,,Bruit,False,0
peut on mettre du fioul dans une cuve a eau,10,,,0.0,cuve a eau,False,0
pompe a eau electrique pour cuve,10,,,,Bruit,False,0
pompe cuve a eau de pluie,10,,,0.0,cuve a eau,False,0
prix cuve a eau beton,10,,,,Bruit,False,0
recherche cuve a eau 1000 litres,10,,,0.0,cuve a eau,False,0
recherche cuve a eau occasion,10,,,,Bruit,False,0
reparation cuve a eau,10,,,,Bruit,False,0
resine pour cuve a eau,10,,,,Bruit,False,0
socle cuve a eau,10,,,,Bruit,False,0
socle pour cuve a eau,10,,,0.0,cuve a eau,False,0
solde cuve a eau,10,,,0.0,cuve a eau,False,0
surpresseur cuve a eau,10,,,,Bruit,False,0
transformer une cuve a fuel en plastique en recuperateur d'eau,10,,,,Bruit,False,0
trop plein de cuve a eau,10,,,,Bruit,False,0
truffaut cuve a eau,10,,,,Bruit,False,0
tuyau pour cuve a eau 1000l,10,,,0.0,cuve a eau,False,0
une cuve a eau,10,,,0.0,cuve a eau,False,0
vanne cuve a eau schutz,10,,,,Bruit,False,0
vanne de cuve a eau,10,,,0.0,cuve a eau,False,0
vente cuve a eau,10,,,0.0,cuve a eau,False,0
vente de cuve a eau,10,,,,Bruit,False,0
weldom cuve a eau,10,,,,Bruit,False,0
