Keyword,Intent,Volume,Keyword Difficulty,CPC (USD),SERP Features
cuve a eau,"Informational, Transactional",2900,27,0.37,"Sitelinks, Reviews, Video, People also ask, Related searches, Popular products"
cuve a eau 1000l,"Informational, Commercial",1600,19,0.31,"Sitelinks, Reviews, Video, People also ask, Related searches, Popular products, Shopping ads"
cuve a eau 1000,Commercial,1300,15,0.31,"Sitelinks, Reviews, Image pack, Video, Related searches"
cuve a eau 5000l,"Informational, Commercial",480,8,0.00,"Reviews, Video, Related searches, Popular products, Shopping ads"
cuves a eau,"Informational, Transactional",390,27,0.37,"Sitelinks, Reviews, Image pack, Video, People also ask, Local pack, Related searches, Popular products"
cuve a eau enterrée,"Informational, Transactional",320,9,0.35,"Reviews, Video, People also ask, Related searches, Popular products"
cuve eau a enterrer,"Informational, Transactional",320,11,0.35,"Reviews, Video, People also ask, Related searches, Popular products, Shopping ads"
cuve a eau 300 l,Transactional,260,12,0.24,"Reviews, Image pack, Video, Related searches"
cuve a eau 300l,Transactional,260,16,0.24,"Reviews, Image pack, Video, Related searches, Popular products"
cuve a eau enterree,"Informational, Transactional",260,6,0.35,"Reviews, Image pack, Video, Related searches, Popular products"
cuve a eau robinet,Transactional,210,19,0.18,"Sitelinks, Reviews, Image pack, Video, People also ask, Related searches"
robinet cuve a eau,Transactional,210,19,0.18,"Reviews, Video, People also ask, Related searches, Popular products"
robinet pour cuve a eau,"Informational, Transactional",210,20,0.18,"Reviews, Image pack, Video, People also ask, Related searches, Popular products"
cuve a eau 3000l,"Informational, Transactional",140,6,0.38,"Reviews, Video, Related searches, Popular products"
cuve pompe a eau,"Informational, Transactional",140,10,0.19,"Reviews, Image pack, Video, People also ask, Related searches, Popular products, Shopping ads"
cuve pour pompe a eau,"Informational, Transactional",140,10,0.19,"Reviews, Image pack, Video, People also ask, Related searches, Popular products, Shopping ads"
habiller une cuve a eau 1000l,Commercial,140,19,0.00,"Reviews, Image, Image pack, Video, Short videos, People also ask, Related searches"
pompe a eau cuve,"Informational, Transactional",140,10,0.19,"Reviews, Image pack, Video, Video carousel, People also ask, Related searches, Popular products, Shopping ads"
pompe a eau pour cuve,Transactional,140,10,0.19,"Reviews, Image pack, Video, People also ask, Related searches, Popular products, Shopping ads"
pompe pour cuve a eau,Transactional,140,10,0.19,"Reviews, Image pack, Video, People also ask, Related searches, Popular products"
cuve a eau 10000l,"Informational, Transactional",110,6,0.43,"Video, Related searches, Shopping ads"
cuve a eau camping car,"Informational, Transactional",110,8,0.10,"Reviews, Video, Related searches, Popular products, Shopping ads"
cuve a eau cuve-expert,Navigational,110,14,0.00,"Sitelinks, Image pack, Video, People also ask, Related searches, Popular products"
pompe cuve a eau,Transactional,110,10,0.19,"Reviews, Image pack, Video, People also ask, Related searches, Popular products"
raccord cuve a eau,"Informational, Transactional",110,7,0.23,"Sitelinks, Image pack, Video, Related searches, Shopping ads"
raccord pour cuve a eau,Commercial,110,7,0.23,"Sitelinks, Reviews, Image pack, Video, Related searches, Popular products, Ads top, Ads bottom"
cuve a eau 10000,"Informational, Transactional",90,4,0.43,"Reviews, Image pack, Video carousel, Related searches, Popular products"
cuve a eau leroy merlin,"Informational, Transactional",90,29,0.00,"Image pack, Related searches, Popular products"
cuve a eau pour camping car,"Informational, Transactional",90,7,0.10,"Reviews, Video, Related searches, Popular products, Shopping ads"
leroy merlin cuve a eau,"Informational, Transactional",90,29,0.00,"Image pack, Video, Related searches, Shopping ads"
robinet cuve a eau 1000l,Transactional,90,22,0.22,"Sitelinks, Reviews, Video, Related searches, Popular products"
robinet pour cuve a eau 1000l,Commercial,90,21,0.22,"Sitelinks, Reviews, Image pack, Video, People also ask, Related searches, Shopping ads"
cuve a eau souple,"Informational, Transactional",70,5,1.45,"Reviews, Video, Related searches, Popular products, Shopping ads, Ads bottom"
transformer cuve a fuel en recuperateur d'eau prix,Commercial,70,13,0.92,"Featured snippet, Reviews, Video, People also ask, Related searches"
brico depot cuve a eau,"Navigational, Transactional",50,22,0.00,"Reviews, Image pack, Video, Related searches"
cuve a eau 1000l pas cher,Transactional,50,18,0.00,"Reviews, Image pack, Video, Related searches, Popular products, Shopping ads"
cuve a eau 100l,"Informational, Transactional",50,12,0.14,"Reviews, Video, Related searches, Popular products, Shopping ads"
cuve a eau 200l,,50,,0.20,
cuve a eau brico depot,"Informational, Transactional",50,22,0.00,"Reviews, Image pack, Video, Related searches"
cuve a eau cuve-expertl,Navigational,50,10,0.00,"Sitelinks, Image pack, Related searches, Popular products"
cuve a eau pour remorque,"Informational, Transactional",50,4,0.00,"Reviews, Image pack, Video, Related searches, Popular products"
cuve a eau sur remorque,Informational,50,7,0.00,"Reviews, Image pack, Video, People also ask, Related searches, Popular products"
remorque cuve a eau,,50,,0.39,
cuve a eau 1000l dimensions,,40,,0.15,
cuve a eau beton,,40,,0.51,
cuve a enterrer eau de pluie,,40,,0.31,
cuve recuperation eau de pluie a enterrer,,40,,0.41,
dimension cuve a eau 1000l,,40,,0.15,
pompe a eau cuve 1000l,,40,,0.21,
raccordement cuve a eau,,40,,0.25,
accessoire cuve a eau 1000l,,30,,0.26,
accessoire pour cuve a eau 1000l,,30,,0.26,
accessoires cuve a eau 1000l,,30,,0.26,
anti moustique cuve a eau,,30,,0.22,
bon coin cuve a eau,,30,,0.00,
bouchon cuve a eau,,30,,0.24,
bouchon pour cuve a eau,,30,,0.24,
brancher karcher sur cuve a eau,,30,,0.00,
cache cuve a eau,,30,,0.00,
cacher cuve a eau,,30,,0.00,
castorama cuve a eau,,30,,0.00,
cuve a eau 2000l,,30,,0.69,
cuve a eau 5000 l,,30,,0.00,
cuve a eau 500l,,30,,0.22,
cuve a eau castorama,,30,,0.00,
cuve a eau de pluie,,30,,0.32,
cuve a eau de pluie enterrée,,30,,0.31,
cuve a eau en beton,,30,,0.51,
cuve a eau jardin,,30,,0.14,
cuve a eau le bon coin,,30,,0.00,
cuve a eau occasion,,30,,0.00,
cuve a eau plate,,30,,0.56,
cuve a eau pour jardin,,30,,0.14,
cuve a enterrer pour eau de pluie,,30,,0.31,
cuves a eau 1000l,,30,,0.28,
le bon coin cuve a eau,,30,,0.00,
peut on brancher un karcher sur une cuve a eau,,30,,0.00,
pompe a eau pour cuve 1000l,,30,,0.21,
pompe a eau solaire pour cuve,,30,,0.00,
abreuvoir chevaux pour cuve a eau,,20,,0.00,
abreuvoir pour cuve a eau,,20,,0.00,
abreuvoir sur cuve a eau,,20,,0.00,
accessoire cuve a eau,,20,,0.19,
accessoire pour cuve a eau,,20,,0.00,
achat cuve a eau,,20,,0.00,
achat cuve a eau 1000l,,20,,0.00,
acheter cuve a eau 1000l,,20,,0.00,
adaptateur cuve a eau,,20,,0.24,
adaptateur cuve a eau 1000l,,20,,0.18,
adaptateur pour cuve a eau,,20,,0.24,
aide de l'etat pour cuve a eau,,20,,0.00,
amazon cuve a eau,,20,,0.00,
aspirateur cuve a eau,,20,,0.00,
bache cuve a eau,,20,,0.68,
bache pour cuve a eau,,20,,0.29,
bassin avec cuve a eau,,20,,0.00,
bassin cuve a eau,,20,,0.00,
beiser cuve a eau,,20,,1.00,
bouchon cuve a eau 1000l,,20,,0.22,
bouchon de cuve a eau,,20,,0.15,
bouchon de cuve a eau 1000l,,20,,0.23,
bouchon pour cuve a eau 1000l,,20,,0.26,
branchement cuve a eau,,20,,0.00,
brico depot cuve a eau 1000l,,20,,0.00,
bricomarche cuve a eau,,20,,0.00,
bricomarche cuve a eau 1000l,,20,,0.00,
bricorama cuve a eau,,20,,0.00,
cacher une cuve a eau,,20,,0.00,
cdiscount cuve a eau,,20,,0.00,
cdiscount cuve a eau 1000l,,20,,0.00,
charbon de bois cuve a eau,,20,,0.00,
chassis pour cuve a eau,,20,,0.00,
comment brancher une cuve a eau,,20,,0.00,
comment cacher une cuve a eau,,20,,0.00,
comment enterrer une cuve a eau,,20,,0.00,
comment faire une cuve a eau,,20,,0.00,
comment habiller une cuve a eau,,20,,0.00,
comment installer une cuve a eau de pluie,,20,,0.00,
comment installer une cuve a eau de pluie enterrée,,20,,0.63,
comment jumeler 2 cuves a eau,,20,,0.00,
comment nettoyer une cuve a eau,,20,,0.00,
comment nettoyer une cuve a eau en plastique,,20,,0.00,
comment nettoyer une cuve a fuel pour mettre de l'eau,,20,,0.00,
comment pomper de l'eau dans une cuve a fioul,,20,,0.00,
comment raccorder deux cuves a eau,,20,,0.00,
comment relier deux cuves a eau,,20,,0.00,
comment reparer une cuve a eau de pluie,,20,,0.00,
couvercle cuve a eau,,20,,0.00,
cuve a eau 100 litres,,20,,0.00,
cuve a eau 1000 l,,20,,0.00,
cuve a eau 1000 l enterrer,,20,,0.00,
cuve a eau 1000 litres,,20,,0.31,
cuve a eau 1000 litres d'occasion,,20,,0.00,
cuve a eau 1000 litres noire,,20,,0.00,
cuve a eau 1000 litres pas cher,,20,,0.00,
cuve a eau 10000 litres,,20,,0.80,
cuve a eau 10000 litres occasion,,20,,0.00,
cuve a eau 1000l amazon,,20,,0.00,
cuve a eau 1000l anti uv,,20,,0.00,
cuve a eau 1000l brico depot,,20,,0.00,
cuve a eau 1000l bricoman,,20,,0.00,
cuve a eau 1000l bricomarche,,20,,0.00,
cuve a eau 1000l castorama,,20,,0.00,
cuve a eau 1000l gamm vert,,20,,0.00,
cuve a eau 1000l le bon coin,,20,,0.00,
cuve a eau 1000l leroy merlin,,20,,0.00,
cuve a eau 1000l mr bricolage,,20,,0.00,
cuve a eau 1000l neuve,,20,,0.00,
cuve a eau 1000l noir,,20,,0.25,
cuve a eau 1000l noire,,20,,0.25,
cuve a eau 1000l occasion,,20,,0.00,
cuve a eau 1000l occasion le bon coin,,20,,0.00,
cuve a eau 1000l prix,,20,,0.00,
cuve a eau 1000l rural master,,20,,0.00,
cuve a eau 1000l schutz,,20,,0.00,
cuve a eau 1200 litres,,20,,0.00,
cuve a eau 12000 litres,,20,,0.00,
cuve a eau 1500 litres,,20,,0.59,
cuve a eau 15000 litres,,20,,0.00,
cuve a eau 150l,,20,,0.00,
cuve a eau 1m3,,20,,0.00,
cuve a eau 200 litres,,20,,0.00,
cuve a eau 2000 l,,20,,0.00,
cuve a eau 2000 litres,,20,,0.00,
cuve a eau 2000 litres prix,,20,,0.00,
cuve a eau 20000 litres,,20,,0.74,
cuve a eau 2500 litres,,20,,0.63,
cuve a eau 25000 litres,,20,,0.96,
cuve a eau 250l,,20,,0.00,
cuve a eau 300 litres,,20,,0.00,
cuve a eau 300 litres brico dépôt,,20,,0.00,
cuve a eau 3000,,20,,0.00,
cuve a eau 3000 l,,20,,0.00,
cuve a eau 3000 l occasion,,20,,0.00,
cuve a eau 3000 litres,,20,,0.00,
cuve a eau 30000 litres,,20,,0.79,
cuve a eau 3000l leroy merlin,,20,,0.00,
cuve a eau 300l brico dépôt,,20,,0.00,
cuve a eau 300l castorama,,20,,0.00,
cuve a eau 300l garantia,,20,,0.00,
cuve a eau 300l leroy merlin,,20,,0.00,
cuve a eau 310l,,20,,0.00,
cuve a eau 350 litres,,20,,0.00,
cuve a eau 400 litres,,20,,0.00,
cuve a eau 4000 l,,20,,0.00,
cuve a eau 4000 litres,,20,,0.73,
cuve a eau 400l,,20,,0.39,
cuve a eau 500,,20,,0.00,
cuve a eau 500 l,,20,,0.00,
cuve a eau 500 l leroy merlin,,20,,0.00,
cuve a eau 500 l pas cher,,20,,0.00,
cuve a eau 500 litres,,20,,0.00,
cuve a eau 5000,,20,,0.00,
cuve a eau 5000 l enterrée,,20,,0.51,
cuve a eau 5000 l pas cher,,20,,1.27,
cuve a eau 5000 litres,,20,,0.55,
cuve a eau 5000l agricole,,20,,1.24,
cuve a eau 500l brico dépôt,,20,,0.00,
cuve a eau 50l,,20,,0.13,
cuve a eau 510 litres,,20,,0.00,
cuve a eau 600 l,,20,,0.17,
cuve a eau 600 litres,,20,,0.00,
cuve a eau 6000 litres,,20,,0.75,
cuve a eau 60000 litres,,20,,0.00,
cuve a eau 650 litres,,20,,0.00,
cuve a eau 7000 l,,20,,0.81,
cuve a eau 8000 l,,20,,0.79,
cuve a eau a donner,,20,,0.00,
cuve a eau a enterrer,,20,,0.26,
cuve a eau a enterrer 5000 l,,20,,0.33,
cuve a eau a enterrer occasion,,20,,0.00,
cuve a eau a vendre,,20,,0.00,
cuve a eau acier,,20,,0.00,
cuve a eau acier galvanisé,,20,,0.00,
cuve a eau aerienne,,20,,0.00,
cuve a eau agricole,,20,,0.60,
cuve a eau agricole occasion,,20,,0.00,
cuve a eau alimentaire,,20,,0.42,
cuve a eau amazon,,20,,0.14,
cuve a eau auchan,,20,,0.00,
cuve a eau avec abreuvoir,,20,,0.00,
cuve a eau avec pompe,,20,,0.51,
cuve a eau avec pompe 12v,,20,,0.00,
cuve a eau avec robinet,,20,,0.00,
cuve a eau avec surpresseur,,20,,0.48,
cuve a eau avec trop plein,,20,,0.00,
cuve a eau avec vessie,,20,,0.20,
cuve a eau beige,,20,,0.00,
cuve a eau beiser,,20,,0.56,
cuve a eau belli,,20,,0.00,
cuve a eau belli 1000l,,20,,0.00,
cuve a eau belli 300l,,20,,0.00,
cuve a eau belli 650l,,20,,0.00,
cuve a eau beton 10000l,,20,,0.48,
cuve a eau beton 3000l,,20,,0.61,
cuve a eau beton 5000l,,20,,0.37,
cuve a eau brico cash,,20,,0.00,
cuve a eau brico leclerc,,20,,0.00,
cuve a eau bricoman,,20,,0.00,
cuve a eau bricomarché,,20,,0.00,
cuve a eau bricorama,,20,,0.00,
cuve a eau caravane,,20,,0.18,
cuve a eau carrefour,,20,,0.00,
cuve a eau chevaux,,20,,0.00,
cuve a eau colonne,,20,,0.00,
cuve a eau cylindrique,,20,,0.00,
cuve a eau d occasion,,20,,0.00,
cuve a eau de 1000 litres,,20,,0.27,
cuve a eau de 1000l,,20,,0.00,
cuve a eau de jardin,,20,,0.00,
cuve a eau de pluie 1000l,,20,,0.20,
cuve a eau de pluie 3000 litres,,20,,0.00,
cuve a eau de pluie rectangulaire aérienne,,20,,0.00,
cuve a eau decorative,,20,,0.00,
cuve a eau design,,20,,0.00,
cuve a eau dimension,,20,,0.00,
cuve a eau duraplas,,20,,0.69,
cuve a eau eda,,20,,0.00,
cuve a eau en fer,,20,,0.00,
cuve a eau en hauteur,,20,,0.00,
cuve a eau enterrable,,20,,0.00,
cuve a eau enterre,,20,,0.38,
cuve a eau enterree 10000 litres,,20,,0.39,
cuve a eau enterree beton,,20,,0.00,
cuve a eau enterree pas cher,,20,,0.00,
cuve a eau enterrée 20000l,,20,,0.00,
cuve a eau enterrée 2000l,,20,,0.53,
cuve a eau enterrée 3000 litres,,20,,0.00,
cuve a eau enterrée 5000 litres,,20,,0.00,
cuve a eau enterrée 50000 litres,,20,,0.42,
cuve a eau enterrée 6000 litres,,20,,0.32,
cuve a eau enterrée avec pompe,,20,,0.00,
cuve a eau enterrée beton,,20,,0.00,
cuve a eau enterrée castorama,,20,,0.00,
cuve a eau enterrée occasion,,20,,0.00,
cuve a eau entrepot du bricolage,,20,,0.00,
cuve a eau espace emeraude,,20,,0.00,
cuve a eau esthetique,,20,,0.00,
cuve a eau exterieur,,20,,0.00,
cuve a eau extra plate,,20,,0.63,
cuve a eau farming simulator 2022,,20,,0.00,
cuve a eau fourgon aménagé,,20,,0.12,
cuve a eau frans bonhomme,,20,,0.00,
cuve a eau fs22,,20,,0.00,
cuve a eau galva,,20,,0.00,
cuve a eau galvanisée,,20,,0.40,
cuve a eau gamm vert,,20,,0.00,
cuve a eau garantia,,20,,0.00,
cuve a eau graf,,20,,0.00,
cuve a eau grande capacité,,20,,0.55,
cuve a eau grise,,20,,0.00,
cuve a eau horizontale,,20,,0.00,
cuve a eau hors sol,,20,,0.00,
cuve a eau ibc,,20,,0.00,
cuve a eau inox,,20,,0.00,
cuve a eau jardiland,,20,,0.00,
cuve a eau lavoisier,,20,,0.00,
cuve a eau leboncoin,,20,,0.00,
cuve a eau leclerc,,20,,0.14,
cuve a eau manomano,,20,,0.30,
cuve a eau metallique,,20,,0.00,
cuve a eau mobile,,20,,0.00,
cuve a eau monsieur bricolage,,20,,0.00,
cuve a eau mr bricolage,,20,,0.00,
cuve a eau murale,,20,,0.00,
cuve a eau neuve,,20,,0.00,
cuve a eau noir,,20,,0.65,
cuve a eau noir ou blanche,,20,,0.00,
cuve a eau noire,,20,,0.65,
cuve a eau noire 1000l,,20,,0.25,
cuve a eau noire pour bateau,,20,,0.12,
cuve a eau occasion le bon coin,,20,,0.00,
cuve a eau ouverte,,20,,0.00,
cuve a eau pas cher,,20,,0.64,
cuve a eau pas chere,,20,,0.64,
cuve a eau plastique,,20,,0.35,
cuve a eau plastique 1000 litres,,20,,0.00,
cuve a eau plastique a enterrer,,20,,0.00,
cuve a eau plastique alimentaire,,20,,0.00,
cuve a eau pluie,,20,,0.00,
cuve a eau potable,,20,,0.39,
cuve a eau potable a enterrer,,20,,0.49,
cuve a eau pour animaux,,20,,0.00,
cuve a eau pour arrosage,,20,,0.00,
cuve a eau pour camion,,20,,0.00,
cuve a eau pour caravane,,20,,0.00,
cuve a eau pour chevaux,,20,,0.00,
cuve a eau pour puit,,20,,0.00,
cuve a eau pour quad,,20,,0.00,
cuve a eau pour toilette,,20,,0.00,
cuve a eau pour vache,,20,,0.00,
cuve a eau pour wc,,20,,0.00,
cuve a eau pression,,20,,0.00,
cuve a eau prix,,20,,0.58,
cuve a eau propre,,20,,0.00,
cuve a eau pum plastique,,20,,0.00,
cuve a eau pvc,,20,,0.00,
cuve a eau raccord,,20,,0.00,
cuve a eau rectangulaire,,20,,0.58,
cuve a eau rectangulaire 520 l,,20,,0.00,
cuve a eau recuperation,,20,,0.00,
cuve a eau remorque,,20,,0.00,
cuve a eau ronde,,20,,0.00,
cuve a eau ronot,,20,,0.00,
cuve a eau roulante,,20,,0.00,
cuve a eau schutz,,20,,0.00,
cuve a eau souple prix,,20,,1.09,
cuve a eau sous pression,,20,,0.00,
cuve a eau sous terre,,20,,0.00,
cuve a eau super u,,20,,0.00,
cuve a eau sur chassis,,20,,0.00,
cuve a eau sur mesure,,20,,0.72,
cuve a eau sur palette,,20,,0.00,
cuve a eau sur palette plastique 1000 litres,,20,,0.36,
cuve a eau sur roue,,20,,0.00,
cuve a eau sur roue d'occasion,,20,,0.00,
cuve a eau surpresseur,,20,,0.00,
cuve a eau tracteur,,20,,0.00,
cuve a eau transportable,,20,,0.00,
cuve a eau vache,,20,,0.00,
cuve a eau van,,20,,0.12,
cuve a eau verte,,20,,0.00,
cuve a eau verticale,,20,,0.00,
cuve a eau wc,,20,,0.00,
cuve a eau weldom,,20,,0.00,
cuve a eau zinc,,20,,0.00,
cuve a eaux,,20,,0.32,
cuve a eaux noires,,20,,0.58,
cuve a enterrer recuperation eau de pluie,,20,,0.46,
cuve a fioul eau de pluie,,20,,0.00,
cuve a recuperation d eau,,20,,0.00,
cuve a recuperation eau de pluie,,20,,0.25,
cuve a reserve d eau,,20,,0.00,
cuve a reserve d eau de pluie,,20,,0.00,
cuve a reserve d'eau de pluie,,20,,0.00,
cuve d eau a enterrer,,20,,0.17,
cuve d'eau a enterrer,,20,,0.17,
cuve recuperateur d'eau a enterrer,,20,,0.00,
cuve recuperation d eau a enterrer,,20,,0.56,
cuve recuperation d'eau a enterrer,,20,,0.56,
cuve recuperation eau a enterrer,,20,,0.00,
cuve tonne a eau,,20,,0.00,
cuves a eau 1000 l occasion,,20,,0.00,
cuves a eau occasion,,20,,0.00,
decorer une cuve a eau,,20,,0.00,
dimension cuve a eau,,20,,0.00,
donne cuve a eau,,20,,0.00,
duraplas cuve a eau,,20,,1.06,
eau dans cuve a fioul,,20,,0.00,
embout cuve a eau,,20,,0.16,
embout pour cuve a eau,,20,,0.00,
enterrer cuve a eau,,20,,0.00,
espace emeraude cuve a eau,,20,,0.00,
fabricant cuve a eau,,20,,0.00,
fabricant de cuve a eau,,20,,0.00,
fabriquer cuve a eau,,20,,0.00,
fabriquer une cuve a eau,,20,,0.00,
faire une cuve a eau en beton,,20,,0.00,
filet anti moustique cuve a eau,,20,,0.00,
filtre a eau pour cuve,,20,,0.00,
filtre cuve a eau,,20,,0.22,
filtre cuve a eau 1000l,,20,,0.16,
filtre cuve a eau de pluie,,20,,0.00,
filtre pour cuve a eau,,20,,0.22,
filtre pour cuve a eau 1000l,,20,,0.00,
filtre pour cuve a eau de pluie,,20,,0.00,
flotteur cuve a eau,,20,,0.29,
flotteur de cuve a eau,,20,,0.24,
flotteur pour cuve a eau,,20,,0.29,
gamm vert cuve a eau,,20,,0.00,
gedimat cuve a eau,,20,,0.00,
gouttière cuve a eau,,20,,0.00,
graf cuve a eau,,20,,0.00,
grande cuve a eau,,20,,0.50,
grosse cuve a eau,,20,,0.71,
habillage cuve a eau,,20,,0.00,
habiller cuve a eau,,20,,0.00,
habiller une cuve a eau,,20,,0.00,
housse cuve a eau,,20,,0.42,
housse pour cuve a eau,,20,,0.12,
installation cuve a eau,,20,,0.00,
installation cuve a eau 1000l,,20,,0.00,
installation cuve a eau de pluie,,20,,0.00,
installer cuve a eau,,20,,0.00,
installer une cuve a eau,,20,,0.00,
jardiland cuve a eau,,20,,0.00,
jauge cuve a eau,,20,,0.28,
jauge de cuve a eau,,20,,0.00,
jauge pour cuve a eau,,20,,0.28,
jumelage cuve a eau,,20,,0.00,
kit raccordement cuve a eau,,20,,0.24,
le bon coin cuve a eau 1000l,,20,,0.00,
le bon coin cuve a eau 1000l occasion,,20,,0.00,
le bon coin cuve a eau d'occasion,,20,,0.00,
le bon coin cuve a eau occasion,,20,,0.00,
leboncoin cuve a eau,,20,,0.00,
leclerc cuve a eau,,20,,0.00,
leroy merlin cuve a eau 1000l,,20,,0.00,
location cuve a eau,,20,,0.00,
manomano cuve a eau,,20,,0.00,
nettoyage cuve a eau,,20,,2.10,
nettoyer cuve a eau,,20,,2.10,
nettoyer cuve a eau 1000l,,20,,0.00,
nettoyer cuve a fuel pour mettre de l'eau,,20,,0.00,
nettoyer une cuve a eau,,20,,0.00,
nettoyer une cuve a fioul plastique pour mettre de l'eau,,20,,0.00,
nettoyer une cuve a fioul pour mettre de l'eau,,20,,0.00,
niveau pour cuve a eau,,20,,0.31,
peindre cuve a eau,,20,,0.00,
peinture pour cuve a eau,,20,,0.00,
petite cuve a eau,,20,,0.18,
petite pompe a eau pour cuve 1000l,,20,,0.14,
piece detachee pour cuve a eau,,20,,0.00,
pieces pour cuve a eau 1000l,,20,,0.15,
poids cuve a eau 1000l,,20,,0.00,
pompe a eau avec cuve,,20,,0.00,
pompe a eau cuve eau de pluie,,20,,0.00,
pompe a eau cuve enterrée,,20,,0.23,
pompe a eau electrique pour cuve 1000l,,20,,0.19,
pompe a eau pour cuve eau de pluie,,20,,0.00,
pompe a eau pour cuve enterrée,,20,,0.23,
pompe cuve a eau 1000l,,20,,0.15,
pompe de cuve a eau,,20,,0.17,
pompe electrique pour cuve a eau,,20,,0.00,
pompe immergee pour cuve a eau,,20,,0.00,
pompe pour cuve a eau 1000l,,20,,0.21,
pompe pour cuve a eau de pluie,,20,,0.24,
pompe vide cuve a eau,,20,,0.20,
pose cuve a eau,,20,,0.00,
poulailler avec cuve a eau,,20,,0.00,
pression cuve a eau,,20,,0.00,
prix cuve a eau,,20,,0.58,
prix cuve a eau 1000l,,20,,0.00,
prix d une cuve a eau,,20,,0.58,
prix des cuves a eau,,20,,0.58,
programmateur pour cuve a eau,,20,,0.00,
protection cuve a eau 1000l,,20,,0.27,
raccord cuve a eau 1000l,,20,,0.26,
raccord cuve a eau 1000l leroy merlin,,20,,0.28,
raccord cuve a eau tuyau arrosage,,20,,0.17,
raccord de cuve a eau,,20,,0.32,
raccord gouttière cuve a eau,,20,,0.00,
raccord pour cuve a eau 1000l,,20,,0.26,
raccordement entre 2 cuves a eau,,20,,0.16,
raccorder 2 cuves a eau,,20,,0.17,
raccorder deux cuves a eau,,20,,0.00,
raccorder une cuve a eau,,20,,0.00,
recherche cuve a eau 1000l,,20,,0.00,
recherche cuve a eau d'occasion,,20,,0.00,
reducteur cuve a eau,,20,,0.00,
reducteur cuve a eau 1000l,,20,,0.30,
rehausse cuve a eau,,20,,0.00,
rehausse de cuve a eau,,20,,0.00,
relier 2 cuves a eau,,20,,0.16,
relier cuve a eau,,20,,0.00,
relier des cuves a eau,,20,,0.16,
relier deux cuves a eau,,20,,0.16,
remorque avec cuve a eau,,20,,0.00,
remorque pour cuve a eau,,20,,0.00,
reparer cuve a eau,,20,,0.00,
reparer une cuve a eau en plastique,,20,,0.00,
robinet cuve a eau 1000 litres,,20,,0.39,
robinet cuve a eau 300l,,20,,0.19,
robinet cuve a eau brico depot,,20,,0.00,
robinet cuve a eau leroy merlin,,20,,0.00,
robinet de cuve a eau,,20,,0.00,
robinet de cuve a eau 1000l,,20,,0.27,
robinet pour cuve a eau 1000 litres,,20,,0.23,
robinet pour cuve a eau brico depot,,20,,0.00,
robinet pour cuve a eau de 1000l,,20,,0.27,
robinet pour cuve a eau leroy merlin,,20,,0.00,
ronot cuve a eau,,20,,0.00,
socle pour cuve a eau 1000 litres,,20,,0.00,
sortie cuve a eau,,20,,0.00,
sortie cuve a eau 1000l,,20,,0.23,
support cuve a eau,,20,,0.00,
support cuve a eau 1000l,,20,,0.00,
support pour cuve a eau 1000 litres,,20,,0.00,
surelever une cuve a eau,,20,,0.00,
surpresseur pour cuve a eau,,20,,0.00,
transformer cuve a fioul en cuve a eau,,20,,0.00,
transformer cuve a fuel en recuperateur d'eau,,20,,0.00,
transformer sa cuve a fioul en recuperateur d'eau,,20,,0.00,
transformer une cuve a fioul en cuve a eau,,20,,0.00,
transformer une cuve a fuel en recuperateur d'eau,,20,,0.00,
trop plein cuve a eau,,20,,0.50,
trop plein pour cuve a eau,,20,,0.00,
tuyau pour cuve a eau,,20,,0.21,
vanne cuve a eau,,20,,0.00,
vanne cuve a eau 1000l,,20,,0.27,
vanne de cuve a eau de 1000l,,20,,0.20,
vanne pour cuve a eau,,20,,0.00,
vanne pour cuve a eau 1000 litres,,20,,0.22,
vanne pour cuve a eau 1000l,,20,,0.27,
abreuvoir automatique pour cuve a eau,,10,,0.00,
agro service 2000 cuve a eau,,10,,0.00,
brico cash cuve a eau,,10,,0.00,
brico leclerc cuve a eau,,10,,0.00,
bricomarché cuve a eau,,10,,0.00,
cacher habiller une cuve a eau 1000l,,10,,0.14,
camoufler une cuve a eau,,10,,0.00,
cherche cuve a eau,,10,,0.00,
cherche cuve a eau 1000 litres,,10,,0.00,
colle pour cuve a eau,,10,,0.00,
comment faire un trop plein sur une cuve a eau,,10,,0.00,
comment raccorder une cuve a eau,,10,,0.00,
contacteur cuve a eau,,10,,0.00,
cuve a eau 1000 l a enterrer,,10,,0.00,
cuve a eau 1000 l leroy merlin,,10,,0.00,
cuve a eau 1000 l occasion,,10,,0.00,
cuve a eau 10000 l,,10,,0.00,
cuve a eau 10000 l occasion,,10,,0.00,
cuve a eau 10000l prix,,10,,0.00,
cuve a eau 1000l brico depot prix,,10,,0.00,
cuve a eau 1000l bricorama,,10,,0.00,
cuve a eau 1000l d'occasion,,10,,0.00,
cuve a eau 1000l gedimat,,10,,0.00,
cuve a eau 1000l sur remorque,,10,,0.00,
cuve a eau 1000l weldom,,10,,0.00,
cuve a eau 100l camping car,,10,,0.00,
cuve a eau 3000l brico depot,,10,,0.00,
cuve a eau 3000l brico dépôt,,10,,0.00,
cuve a eau 3000l occasion,,10,,0.00,
cuve a eau 3000l pas cher,,10,,0.00,
cuve a eau 300l brico depot,,10,,0.00,
cuve a eau 350 l,,10,,0.00,
cuve a eau 3500l,,10,,0.00,
cuve a eau 400 l,,10,,0.00,
cuve a eau 4000l,,10,,0.67,
cuve a eau 500l occasion,,10,,0.00,
cuve a eau 500l rectangulaire,,10,,0.00,
cuve a eau 550l,,10,,0.00,
cuve a eau 6000 l,,10,,0.00,
cuve a eau 650 l,,10,,0.00,
cuve a eau a enterrer beton,,10,,0.00,
cuve a eau belgique,,10,,0.00,
cuve a eau bellijardin,,10,,0.00,
cuve a eau beton belgique,,10,,0.00,
cuve a eau beton prix,,10,,0.00,
cuve a eau bretagne,,10,,0.00,
cuve a eau cdiscount,,10,,0.00,
cuve a eau chez brico depot,,10,,0.00,
cuve a eau citerne,,10,,0.00,
cuve a eau de pluie 5000l,,10,,0.00,
cuve a eau de pluie a enterrer,,10,,0.00,
cuve a eau de pluie leroy merlin,,10,,0.00,
cuve a eau de pluie occasion,,10,,0.00,
cuve a eau de pluie pas cher,,10,,0.00,
cuve a eau en zinc,,10,,0.00,
cuve a eau enterré,,10,,0.38,
cuve a eau enterrée 3000l,,10,,0.00,
cuve a eau gedimat,,10,,0.00,
cuve a eau grand volume,,10,,0.00,
cuve a eau guadeloupe,,10,,0.00,
cuve a eau interdite,,10,,0.00,
cuve a eau magasin vert,,10,,0.00,
cuve a eau murale pas cher,,10,,0.00,
cuve a eau occasion 5000 l,,10,,0.00,
cuve a eau oogarden,,10,,0.00,
cuve a eau passage de roue,,10,,0.17,
cuve a eau plastique 100l,,10,,0.00,
cuve a eau plastique 3000l,,10,,0.00,
cuve a eau pluviale,,10,,0.00,
cuve a eau point vert,,10,,0.00,
cuve a eau pour betail,,10,,0.00,
cuve a eau pour utilitaire,,10,,0.00,
cuve a eau rectangulaire 300l,,10,,0.00,
cuve a eau sans gouttière,,10,,0.00,
cuve a eau sur remorque pour micro tracteur,,10,,0.00,
cuve a eau sur roues,,10,,0.00,
cuve a eau tonneau,,10,,0.00,
cuve a eau à enterrer,,10,,0.00,
cuve a eaux de pluie,,10,,0.32,
cuve citerne a eau,,10,,0.00,
cuve de pompe a eau,,10,,0.00,
cuve eau de pluie a enterrer,,10,,0.31,
cuve eau de pluie a enterrer pas cher,,10,,0.00,
cuve filtre a eau,,10,,0.30,
dimensions cuve a eau 1000l,,10,,0.15,
douche avec cuve a eau,,10,,0.00,
enterrer une cuve a eau,,10,,0.00,
faire une cuve a eau,,10,,0.00,
filtre a eau cuve inox,,10,,0.00,
housse pour cuve a eau 1000l,,10,,0.21,
interdiction cuve a eau,,10,,0.00,
joint robinet cuve a eau,,10,,0.00,
location cuve a eau 10000l,,10,,0.00,
oogarden cuve a eau,,10,,0.00,
peut on mettre du fioul dans une cuve a eau,,10,,0.00,
pompe a eau electrique pour cuve,,10,,0.00,
pompe cuve a eau de pluie,,10,,0.00,
prix cuve a eau beton,,10,,0.00,
recherche cuve a eau 1000 litres,,10,,0.00,
recherche cuve a eau occasion,,10,,0.00,
reparation cuve a eau,,10,,0.00,
resine pour cuve a eau,,10,,0.00,
socle cuve a eau,,10,,0.00,
socle pour cuve a eau,,10,,0.00,
solde cuve a eau,,10,,0.00,
surpresseur cuve a eau,,10,,0.33,
transformer une cuve a fuel en plastique en recuperateur d'eau,,10,,0.00,
trop plein de cuve a eau,,10,,0.00,
truffaut cuve a eau,,10,,0.00,
tuyau pour cuve a eau 1000l,,10,,0.00,
une cuve a eau,,10,,0.00,
vanne cuve a eau schutz,,10,,0.00,
vanne de cuve a eau,,10,,0.00,
vente cuve a eau,,10,,0.00,
vente de cuve a eau,,10,,0.00,
weldom cuve a eau,,10,,0.00,
